t1_totalgold,t2_totalgold,t1_barons,t2_barons,t1_dragons,t2_dragons,t1_heralds,t2_heralds,t1_towers,t2_towers,t1_inhibitors,t2_inhibitors,t1_kills,t2_kills,t1_totalcs,t2_totalcs
51091,30710,1,0,2,1,0,0,10,0,2,0,21,3,786,588
49451,32225,1,0,3,0,1,0,9,9,1,1,15,3,826,646
50055,32273,0,0,3,0,1,0,10,10,2,2,21,2,817,675
51601,32965,1,0,1,1,1,0,10,10,2,2,26,7,734,571
47569,33183,0,0,2,1,1,0,9,9,2,2,20,3,808,676
46837,33380,1,0,1,1,1,0,10,10,1,1,12,1,774,661
46246,33847,0,0,3,0,1,0,10,10,2,2,20,5,739,670
50761,34010,1,0,1,2,0,0,9,0,2,0,21,2,855,718
47164,34356,1,0,1,2,1,0,8,8,1,1,16,6,749,681
49893,34368,1,0,2,0,0,1,9,9,2,2,23,2,750,643
44581,34372,1,0,2,1,1,0,10,10,2,2,12,4,712,673
44796,34528,0,0,3,0,0,0,7,7,1,1,23,6,694,628
51606,34655,1,0,3,0,1,0,10,10,2,2,21,3,768,674
49988,34802,0,0,1,0,1,0,10,10,2,2,32,6,701,637
52117,35234,1,0,3,0,1,0,10,1,2,0,25,5,742,657
47973,35347,1,0,2,1,0,0,9,9,2,2,12,1,831,787
53636,35546,1,0,0,2,1,0,10,10,1,1,24,6,854,656
55129,35664,1,0,3,0,1,0,11,11,3,3,20,5,940,657
50507,35702,1,0,3,0,1,0,11,0,2,0,18,5,764,694
46698,35829,1,0,3,0,1,0,10,2,2,0,15,5,730,679
45676,35837,1,0,1,2,0,0,8,8,1,1,14,6,755,722
52535,35867,1,0,3,0,1,0,11,11,3,3,18,6,812,673
48215,35885,1,0,1,0,1,0,11,11,3,3,15,0,780,758
51530,36002,1,0,1,2,1,0,10,10,2,2,19,3,826,717
47946,36208,1,0,2,1,1,0,10,1,2,0,11,1,819,764
48235,36524,0,0,2,0,1,0,9,9,1,1,19,5,825,708
47887,36563,1,0,2,1,0,0,7,7,1,1,17,3,812,766
51929,36727,1,0,3,0,1,0,11,11,2,2,16,7,880,728
52883,36730,1,0,3,0,1,0,10,10,2,2,25,4,821,704
48884,37040,1,0,3,0,1,0,8,8,1,1,15,7,852,702
49212,37099,1,0,3,0,0,0,10,10,2,2,17,3,725,751
49933,37225,1,0,1,2,1,0,9,9,1,1,17,6,805,708
54828,37343,1,0,1,2,1,0,11,0,3,0,20,5,859,799
51259,37349,1,0,1,1,0,1,11,11,3,3,16,7,833,703
48260,37526,0,0,2,2,1,0,9,0,1,0,13,5,850,768
49658,37641,1,0,2,0,0,1,9,1,2,0,18,4,779,754
53582,37653,1,0,4,0,0,0,10,10,2,2,25,3,847,768
49344,37849,1,0,3,0,1,0,8,1,1,0,21,8,790,700
47820,37907,1,0,2,1,1,0,8,8,1,1,16,2,812,812
51271,38107,1,0,3,1,1,0,10,10,2,2,16,9,844,685
52350,38187,1,0,4,0,0,1,8,8,1,1,17,5,890,774
48526,38211,1,0,2,1,1,0,7,3,1,0,17,6,854,719
54214,38275,1,0,1,2,0,1,10,10,2,2,23,5,842,725
47721,38387,1,0,3,0,1,0,8,8,1,1,16,3,797,811
49986,38405,1,0,2,1,1,0,8,8,1,1,18,4,836,751
46243,38432,1,0,2,1,1,0,11,11,2,2,9,6,778,709
47709,38452,0,0,0,2,1,0,8,8,1,1,11,4,844,817
52635,38460,1,0,4,0,1,0,11,0,3,0,20,7,839,709
52655,38679,1,0,2,1,1,0,8,8,1,1,20,4,818,803
52774,38772,1,0,2,1,1,0,8,1,1,0,20,7,899,756
48653,38807,0,0,2,1,1,0,9,9,1,1,11,7,867,732
54713,38844,1,0,4,0,1,0,10,10,2,2,16,1,894,830
54402,38860,1,0,2,1,1,0,9,1,1,0,29,9,761,717
52996,38870,1,0,4,0,0,0,11,11,2,2,15,6,839,733
54858,38984,1,0,4,0,1,0,10,10,2,2,21,5,875,726
52985,38988,1,0,4,0,1,0,9,9,2,2,16,3,891,810
48160,39274,1,0,1,2,0,0,7,7,1,1,15,4,854,869
52697,39312,1,0,2,1,0,0,11,11,3,3,17,5,874,774
50950,39477,1,0,0,3,1,0,8,1,1,0,22,11,769,693
46475,39513,0,0,3,0,1,0,10,10,2,2,11,11,818,707
53796,39560,1,0,3,0,1,0,9,9,2,2,22,4,890,819
53456,39601,1,0,3,0,1,0,8,3,1,0,30,6,819,733
52669,39935,1,0,0,3,0,1,7,7,1,1,19,6,867,790
50955,39996,0,0,3,1,1,0,7,1,1,0,11,0,947,858
54038,39997,1,0,2,0,1,0,10,10,2,2,17,4,925,807
52929,40003,1,0,3,0,1,0,10,10,2,2,21,6,838,771
51140,40210,1,0,1,3,1,0,10,10,1,1,19,8,797,769
54130,40333,1,0,2,0,1,0,9,9,2,2,28,11,806,643
54324,40431,1,0,3,0,1,0,10,10,2,2,26,10,846,670
57551,40506,1,0,4,0,1,0,11,11,3,3,20,2,983,833
56067,40506,1,0,4,0,1,0,10,1,2,0,22,5,869,817
51626,40542,1,0,2,1,1,0,9,1,2,0,11,3,979,867
56979,40549,1,0,2,1,0,0,10,1,2,0,17,3,985,879
57094,40577,1,0,2,1,1,0,9,9,2,2,22,6,914,798
53513,40584,1,0,4,0,1,0,9,1,2,0,22,11,866,766
58298,40792,1,0,2,1,1,0,11,0,3,0,21,5,948,804
56777,40816,1,0,3,0,1,0,11,11,2,2,23,6,929,810
53658,40869,1,0,1,2,0,1,11,11,3,3,12,5,954,824
55073,40916,1,0,1,2,0,0,9,9,1,1,23,8,856,755
55578,40935,1,0,4,0,0,1,8,8,1,1,23,3,851,747
53928,40953,1,0,4,0,0,1,10,10,1,1,17,4,921,818
56516,41166,1,0,2,1,0,0,11,11,3,3,16,6,884,793
56248,41203,1,0,3,1,1,0,9,9,1,1,27,10,865,751
53985,41243,1,0,1,2,1,0,10,10,2,2,24,9,787,793
52711,41375,1,0,1,3,0,1,10,2,2,0,17,6,867,807
51689,41429,0,0,3,1,1,0,8,8,1,1,17,3,910,870
54575,41475,0,0,1,2,0,0,11,11,2,2,26,11,811,679
51715,41488,1,0,2,1,0,1,8,8,1,1,15,3,1005,866
53925,41494,1,0,4,0,1,0,9,9,1,1,23,8,805,715
55756,41604,1,0,3,1,0,0,8,0,1,0,17,3,987,904
50840,41802,1,0,4,0,1,0,8,1,2,0,13,2,929,897
58207,41807,1,0,2,2,1,0,11,11,3,3,20,5,931,860
59194,41825,2,0,3,0,1,0,11,0,3,0,17,1,975,930
53658,41852,1,0,1,2,0,0,7,7,1,1,23,7,889,815
52689,41931,1,0,1,2,1,0,9,9,1,1,10,9,961,828
54249,41970,1,0,3,1,0,0,10,10,2,2,15,1,957,875
57356,41976,1,0,4,0,0,0,10,10,2,2,17,2,942,859
54193,41993,1,0,1,2,1,0,10,10,2,2,16,6,911,857
53135,42002,1,0,3,1,1,0,11,11,3,3,20,5,786,820
57191,42031,1,0,2,1,0,0,10,10,2,2,20,6,963,823
53110,42036,1,0,0,2,1,0,10,10,2,2,20,10,812,780
55514,42125,1,0,3,1,1,0,9,9,1,1,20,6,905,782
56851,42133,1,0,4,0,0,0,10,10,2,2,20,6,998,787
54392,42197,1,0,4,0,1,0,9,9,2,2,14,4,984,891
54876,42272,1,0,2,1,0,1,10,10,2,2,16,10,914,745
56694,42737,1,0,3,1,1,0,10,1,2,0,14,4,1025,910
53401,42892,1,0,3,1,1,0,9,9,2,2,12,5,945,894
53232,42900,1,0,4,0,1,0,7,7,1,1,15,7,979,854
56252,42975,1,0,4,0,1,0,10,10,2,2,20,7,963,879
51044,42984,1,0,3,0,0,1,9,9,2,2,17,7,862,758
48942,43012,1,0,1,3,0,0,7,7,1,1,9,7,903,890
55907,43195,1,0,3,1,0,0,9,9,1,1,22,8,886,841
56755,43497,1,0,4,0,1,0,8,8,1,1,19,3,1027,924
56857,43604,1,0,4,0,1,0,10,10,2,2,16,5,963,853
58627,43673,1,0,3,1,1,0,10,10,1,1,26,10,873,748
56669,43687,1,0,2,2,1,0,9,9,2,2,22,7,896,825
57516,43834,1,0,4,0,1,0,9,9,1,1,20,8,956,802
61811,43887,1,0,4,0,0,0,10,10,1,1,33,8,843,760
57259,43904,1,0,3,0,1,0,11,11,3,3,20,6,927,812
58895,43967,1,0,4,0,1,0,8,8,1,1,21,5,989,870
59768,44095,2,0,4,0,1,0,11,0,3,0,16,8,1007,855
49397,44156,1,0,4,0,1,0,8,8,1,1,11,7,878,871
56190,44172,1,0,4,0,1,0,10,10,2,2,24,8,850,792
53942,44176,1,0,3,1,1,0,10,10,2,2,15,7,883,866
56112,44190,1,0,4,1,1,0,10,10,1,1,11,4,1024,888
59347,44243,1,0,1,2,1,0,10,10,2,2,26,6,915,887
55235,44254,1,0,2,1,0,0,11,11,2,2,16,4,870,901
51525,44261,1,0,4,0,1,0,7,7,1,1,16,7,908,854
58184,44267,1,0,4,0,0,1,9,9,2,2,16,4,989,895
55351,44316,1,0,2,2,1,0,8,2,1,0,24,12,842,792
53172,44322,1,0,2,2,1,0,9,9,1,1,16,7,887,856
56656,44328,1,0,3,1,1,0,11,11,3,3,18,8,970,876
58238,44382,2,0,3,1,1,0,11,11,4,4,12,5,1008,893
53171,44432,1,0,1,3,0,0,10,10,2,2,8,4,995,943
51203,44521,1,0,4,0,0,1,8,8,1,1,15,8,895,847
58651,44539,1,0,4,0,1,0,8,8,1,1,23,5,959,889
59145,44588,1,0,4,0,0,0,9,9,1,1,16,2,1082,944
55691,44589,1,0,1,3,1,0,11,11,3,3,10,3,1020,938
53564,44665,1,0,1,3,0,1,11,11,3,3,14,9,866,810
55589,44759,1,0,2,1,1,0,9,9,2,2,19,8,917,865
59395,44767,1,0,4,0,0,0,9,9,1,1,14,3,1041,931
50406,44824,1,0,3,1,1,0,8,8,1,1,9,8,935,894
54667,45029,1,0,4,0,0,0,10,10,2,2,21,8,878,833
55638,45042,1,0,2,2,1,0,10,3,2,0,15,3,943,938
54288,45106,1,0,3,1,1,0,10,10,2,2,9,3,955,989
55977,45154,0,1,2,0,1,0,9,9,2,2,24,12,886,726
58212,45196,1,0,2,1,1,0,11,11,2,2,13,6,1033,963
58685,45279,1,0,4,0,1,0,8,8,1,1,14,1,1025,931
54893,45307,0,0,3,1,1,0,7,7,1,1,12,2,1067,933
62204,45374,1,0,1,3,0,1,11,11,3,3,30,10,940,791
53615,45406,1,0,1,3,1,0,8,8,1,1,20,6,862,888
58290,45419,1,0,1,3,1,0,10,10,2,2,17,7,1025,864
58876,45420,1,0,3,1,1,0,9,9,2,2,22,9,962,813
55524,45434,1,0,3,1,0,0,11,11,3,3,15,3,919,919
59459,45464,1,0,4,0,0,0,10,10,2,2,19,3,987,888
59742,45564,1,0,1,3,1,0,10,10,2,2,19,5,990,959
59413,45576,1,0,4,0,1,0,10,10,2,2,19,5,1039,920
57572,45642,1,0,4,0,1,0,11,3,3,0,24,9,909,803
62011,45675,1,0,3,1,0,0,10,10,2,2,20,5,1022,898
52814,45677,1,0,4,0,1,0,7,7,1,1,11,7,902,862
57685,45719,0,0,2,2,0,1,8,1,1,0,16,4,1038,928
58875,45881,1,0,4,1,1,0,9,2,1,0,21,6,944,902
55999,45960,1,0,2,2,1,0,8,3,1,0,12,3,1062,979
58067,45985,1,0,3,1,0,0,8,8,1,1,19,6,976,908
58013,46098,1,0,2,2,1,0,9,9,2,2,26,14,845,806
55235,46130,1,0,3,1,1,0,8,8,1,1,19,8,927,847
54566,46235,1,0,3,1,0,1,10,10,1,1,6,1,1036,1044
56726,46246,1,0,3,1,1,0,9,9,2,2,11,3,1102,1022
58051,46340,1,0,1,4,0,1,9,9,1,1,13,4,1008,1008
59081,46365,1,0,4,0,1,0,9,1,2,0,18,5,1067,963
55615,46408,1,0,4,0,0,1,9,9,2,2,23,10,831,870
53172,46545,0,0,3,1,0,0,6,3,1,0,13,4,1042,958
54688,46640,1,0,2,1,1,0,9,9,1,1,20,12,870,809
61213,46669,1,0,2,2,1,0,9,9,1,1,27,13,927,867
55003,46720,1,0,4,0,1,0,10,10,2,2,11,3,1020,950
53695,46776,0,0,4,0,1,0,8,1,1,0,11,5,1037,1008
58474,46794,1,0,3,1,0,0,11,11,3,3,16,12,940,828
58614,46865,1,0,3,1,1,0,11,11,2,2,20,5,964,897
56221,46891,1,0,1,3,1,0,9,9,1,1,20,9,921,939
61805,46910,1,0,4,0,1,0,11,11,3,3,20,7,1019,921
60182,46933,2,0,3,1,0,1,9,9,1,1,17,6,1023,916
60545,47086,1,0,3,2,1,0,10,10,2,2,17,2,1050,995
59993,47185,1,0,2,3,1,0,9,9,1,1,14,9,980,882
57975,47200,0,0,2,2,1,0,8,8,1,1,14,4,1077,995
59597,47273,1,0,3,2,0,0,10,10,2,2,16,6,1015,962
62475,47294,1,0,4,1,1,0,11,11,2,2,20,2,1088,999
57385,47303,1,0,4,0,0,0,9,9,1,1,20,8,951,842
59842,47573,1,0,3,0,1,0,9,9,2,2,24,9,963,874
61607,47596,1,0,2,2,1,0,9,9,1,1,20,10,1029,966
58678,47634,1,0,2,2,1,0,10,10,2,2,21,5,956,930
57325,47685,1,0,2,1,1,0,9,3,2,0,20,8,941,933
60221,47705,1,0,4,0,0,0,9,9,2,2,26,5,985,937
55347,47715,1,0,3,1,0,1,8,3,2,0,14,7,982,951
59815,47728,1,0,1,3,1,0,11,2,2,0,12,4,1042,1017
58745,47759,1,0,4,0,1,0,10,10,2,2,15,6,1028,979
62993,47846,2,0,2,2,0,0,11,11,3,3,19,6,991,942
58697,47851,2,0,3,2,1,0,10,10,2,2,14,5,1000,983
62851,47890,1,0,4,1,1,0,9,1,2,0,20,9,1107,919
57734,47907,1,0,2,3,1,0,9,9,1,1,15,2,1021,1051
59585,48151,1,0,2,2,1,0,11,3,3,0,12,5,1105,999
61144,48153,2,0,3,1,1,0,11,1,3,0,14,5,1093,1033
60295,48166,2,0,2,2,0,1,10,10,2,2,17,4,1010,1001
62259,48266,2,0,4,1,0,0,10,10,2,2,10,1,1133,1034
61714,48319,1,0,4,0,1,0,10,10,2,2,14,6,1108,981
61659,48353,1,0,3,1,0,1,9,9,2,2,14,5,1156,985
38990,48378,0,1,0,4,0,1,2,2,0,0,4,11,819,896
40310,48508,0,0,1,2,0,1,3,3,0,0,3,13,810,878
38365,48530,0,1,0,3,0,1,0,0,0,0,6,13,728,819
67559,48637,2,0,4,0,0,0,10,10,2,2,21,4,1070,1014
63236,48647,1,0,3,2,1,0,9,9,2,2,13,6,1184,965
34903,48709,0,1,2,1,0,0,0,9,0,1,5,19,719,805
55384,48751,1,0,4,0,1,0,8,8,1,1,19,6,887,898
61681,48771,1,0,3,2,0,1,7,7,1,1,27,11,873,817
55635,48785,1,0,2,2,0,1,9,9,1,1,20,8,934,950
57508,48827,1,0,1,3,1,0,10,10,1,1,16,14,988,939
59773,48880,1,0,1,1,1,0,11,11,3,3,25,14,909,828
59319,48968,1,0,4,0,1,0,8,8,1,1,21,14,941,814
64391,49029,2,0,4,0,1,0,9,1,2,0,19,10,1112,926
59080,49035,2,0,4,0,1,0,11,11,3,3,18,6,971,969
55711,49040,1,0,2,3,1,0,9,4,2,0,7,2,1062,1067
59483,49051,1,0,2,3,1,0,10,10,2,2,13,4,1056,1034
67147,49060,1,0,5,0,0,0,11,11,3,3,23,5,979,921
56056,49085,1,0,2,2,1,0,7,2,1,0,13,6,1019,1021
59107,49148,2,0,2,2,1,0,11,1,3,0,22,10,865,913
59209,49216,1,0,2,2,1,0,9,9,1,1,20,6,974,994
55147,49253,1,0,2,1,1,0,10,10,2,2,16,15,880,848
58114,49281,1,0,3,1,1,0,8,3,1,0,17,9,993,944
62789,49284,1,0,4,1,1,0,8,8,1,1,22,3,1068,1023
56694,49310,1,0,3,1,0,1,7,7,1,1,13,4,1047,993
59935,49411,2,0,2,2,1,0,10,1,1,0,14,5,1063,1062
55023,49494,0,1,3,1,0,1,7,7,1,1,20,7,956,931
58843,49503,1,0,1,3,0,1,10,4,2,0,24,8,912,883
62758,49504,1,0,3,2,1,0,11,11,3,3,24,7,1064,949
60830,49513,1,0,2,2,1,0,11,2,3,0,21,8,973,977
58378,49524,1,0,3,1,1,0,10,10,3,3,21,6,926,1016
61318,49525,1,0,1,3,1,0,11,11,3,3,23,6,970,991
64879,49526,2,0,4,0,0,0,10,10,1,1,15,1,1146,1073
57381,49530,1,0,4,0,1,0,9,9,1,1,14,5,965,1000
66010,49551,1,0,4,0,1,0,10,1,2,0,29,8,967,964
62789,49587,2,0,2,2,0,1,9,9,2,2,26,11,891,871
63699,49681,2,0,3,2,0,1,9,4,1,0,17,3,1090,1023
62533,49686,1,0,2,2,1,0,9,9,1,1,17,7,1129,1036
59496,49713,1,0,3,1,1,0,11,11,3,3,12,4,1078,1053
58744,49733,0,0,3,1,1,0,8,8,1,1,17,7,1064,982
64602,49745,2,0,2,3,1,0,11,11,3,3,15,4,1090,1025
63536,49750,0,0,3,1,0,1,11,11,3,3,24,7,1032,962
61833,49791,1,0,4,1,1,0,10,10,2,2,13,3,1073,1055
61932,49811,1,0,4,0,1,0,10,10,1,1,19,11,1012,887
38110,49829,0,1,0,3,0,1,2,2,0,0,4,20,730,780
40506,49848,0,0,0,3,0,0,3,3,0,0,8,20,802,777
62246,49859,1,0,3,2,1,0,9,9,2,2,16,9,1073,947
61854,49915,1,0,2,2,1,0,10,10,2,2,18,6,1078,1015
57683,49944,1,0,1,3,0,0,8,3,1,0,13,10,987,927
32658,49990,0,1,0,3,0,1,0,0,0,0,4,23,606,738
61100,49996,1,0,4,1,1,0,8,8,2,2,21,3,1050,1068
56255,50058,1,0,2,2,0,0,8,8,1,1,8,6,1094,1092
59664,50175,1,0,1,3,0,1,10,3,3,0,14,8,996,977
62780,50192,2,0,3,1,1,0,11,11,4,4,16,8,1010,978
55309,50219,0,1,3,1,1,0,8,8,1,1,19,8,964,951
62017,50296,1,0,2,2,0,1,11,11,3,3,27,10,954,919
57428,50318,1,0,1,3,0,0,8,8,1,1,15,10,992,976
36715,50336,0,1,1,2,0,1,2,2,0,0,4,14,695,852
61947,50369,1,0,5,0,1,0,11,11,3,3,15,1,1028,1072
64180,50375,2,0,3,2,1,0,11,11,3,3,19,5,1035,1002
36809,50407,0,1,0,3,0,1,1,1,0,0,6,17,701,816
55585,50417,1,0,4,0,0,0,9,9,2,2,18,12,882,898
55903,50446,0,0,4,1,0,0,8,8,1,1,17,11,910,875
36271,50549,0,0,1,2,0,0,3,3,0,0,3,14,739,839
63822,50577,1,0,4,0,1,0,10,10,2,2,13,3,1154,1065
38488,50600,0,1,0,4,1,0,2,2,0,0,5,14,767,861
42008,50683,0,0,1,3,0,0,2,2,0,0,2,12,892,889
53273,50718,1,0,1,2,1,0,5,5,1,0,17,11,905,929
57706,50738,1,0,3,2,1,0,7,2,1,0,14,4,1092,1086
63165,50776,1,0,4,0,0,0,10,10,2,2,15,6,1126,1035
60720,50874,2,0,5,0,0,1,8,3,1,0,16,6,1010,992
35079,50912,0,1,1,2,0,1,1,1,0,0,7,21,599,796
39432,50960,0,1,0,3,0,1,2,2,0,0,9,23,709,788
57891,51012,0,0,2,3,1,0,7,3,1,0,13,5,1106,988
67270,51055,2,0,3,1,0,1,11,11,2,2,33,12,963,908
62830,51088,1,1,4,0,0,1,7,7,1,1,27,12,975,884
58837,51103,1,0,4,1,0,1,9,9,2,2,10,2,1044,1060
57672,51233,1,0,4,1,0,1,8,8,1,1,8,4,1137,1033
35622,51262,0,1,0,3,0,1,0,0,0,0,1,15,754,875
38268,51272,0,1,1,1,0,1,0,0,0,0,5,17,784,862
64476,51289,2,0,2,3,0,0,10,10,3,3,23,5,1062,1006
42136,51298,0,1,0,3,0,1,3,3,0,0,4,18,870,866
59160,51311,0,1,3,2,1,0,10,10,2,2,14,7,1066,934
61893,51324,1,0,4,1,1,0,10,10,2,2,14,7,1073,1083
61628,51338,1,0,2,2,1,0,11,11,3,3,13,7,1045,1041
61385,51355,1,0,3,1,1,0,8,8,1,1,19,10,970,947
63951,51457,1,0,4,0,0,1,8,8,1,1,31,16,974,861
64050,51482,1,0,3,1,0,0,10,10,2,2,30,11,1002,957
65432,51514,2,0,3,2,1,0,11,11,1,1,15,7,1083,1045
61637,51531,1,0,3,1,0,0,9,9,1,1,20,5,1074,979
56868,51587,0,0,2,3,1,0,7,7,1,1,10,11,1070,1046
61748,51634,1,0,3,2,0,1,8,4,1,0,22,9,965,956
59873,51636,1,0,3,2,0,0,8,8,1,1,17,7,1042,991
61150,51644,1,0,2,2,1,0,9,9,1,1,12,6,1111,1003
63752,51701,1,0,4,0,1,0,9,9,1,1,13,3,1193,1059
63034,51706,1,0,4,1,1,0,10,10,2,2,17,8,1141,1007
60907,51710,1,0,2,1,1,0,9,9,1,1,17,10,1080,1070
33797,51851,0,0,0,2,0,0,0,0,0,0,5,22,647,813
63977,51896,2,0,2,3,0,1,9,9,3,3,15,8,1053,1033
57002,51915,1,0,3,2,0,1,9,9,1,1,15,9,953,985
68597,51957,2,0,4,1,1,0,11,11,2,2,26,9,1001,943
37770,51987,0,1,1,3,1,0,1,1,0,0,4,13,768,930
36864,52141,0,1,1,2,0,1,2,2,0,0,4,24,718,822
63046,52168,2,0,2,2,0,0,10,10,3,3,21,14,1008,952
61735,52178,1,0,4,1,1,0,10,10,2,2,11,2,1041,1112
61566,52189,1,0,2,2,0,0,10,10,2,2,11,5,1184,1119
63099,52191,1,0,3,1,0,1,9,9,2,2,17,5,1076,1070
41358,52268,0,1,0,4,1,0,1,1,0,0,8,19,797,868
63782,52274,2,0,3,2,0,1,8,8,1,1,21,8,1015,1013
65702,52398,1,0,4,1,1,0,11,11,3,3,11,0,1238,1162
61625,52451,1,0,3,2,0,1,10,10,2,2,20,10,1041,977
58008,52459,1,0,2,2,0,1,7,7,1,1,13,7,1049,1044
47596,52507,0,0,0,4,1,0,3,3,0,0,9,13,919,929
64355,52595,2,0,1,3,1,0,9,9,1,1,12,6,1098,1025
61071,52602,2,0,2,2,0,0,10,10,2,2,9,8,1094,1084
61381,52611,2,0,4,0,0,0,8,8,1,1,22,3,1036,1029
67918,52614,1,0,4,1,1,0,10,10,2,2,25,12,1104,989
62221,52650,0,1,4,1,0,1,8,8,1,1,15,3,1146,1058
40120,52653,0,0,0,3,0,0,3,3,0,0,5,20,772,781
64510,52660,1,0,5,0,1,0,8,8,1,1,16,2,1090,1153
56607,52729,0,0,3,1,0,1,7,7,1,1,23,12,913,962
37694,52767,0,1,1,2,0,1,0,0,0,0,4,20,766,824
67002,52776,1,0,4,1,0,1,10,10,2,2,23,9,1112,1052
66671,52835,1,0,5,0,1,0,8,3,1,0,25,6,1163,1024
62135,52838,1,0,2,2,1,0,11,2,3,0,20,6,1009,1050
39677,52864,0,1,2,1,0,1,1,10,0,2,4,15,845,928
67000,52871,1,0,3,2,1,0,10,10,2,2,24,7,1118,1022
58103,52900,1,0,3,2,0,0,7,7,1,1,7,4,1149,1152
63248,52917,2,0,2,2,0,1,8,8,1,1,23,9,994,971
39338,52976,0,0,1,3,0,1,0,0,0,0,4,14,819,1018
59609,52994,1,0,4,1,1,0,8,4,1,0,16,5,963,1094
37221,53025,0,1,1,2,0,1,0,0,0,0,5,19,721,814
64472,53039,0,1,5,0,1,0,9,2,1,0,21,6,1136,1012
64058,53090,2,0,5,0,1,0,10,10,1,1,17,12,1083,1019
62982,53236,2,0,4,0,0,1,11,11,3,3,15,6,1065,1032
68302,53372,2,0,3,1,1,0,10,10,2,2,27,10,1067,1027
61589,53408,1,0,1,4,0,1,8,8,1,1,20,13,996,981
46389,53410,0,0,0,4,1,0,1,1,0,0,11,17,869,950
68538,53415,2,0,4,1,1,0,11,11,3,3,15,2,1194,1086
41778,53450,0,1,0,4,1,0,2,2,0,0,3,18,866,914
41929,53470,0,1,1,3,0,1,1,1,0,0,4,12,897,968
67348,53470,1,0,4,1,0,0,11,11,3,3,23,10,1110,1038
39830,53514,0,1,1,2,0,1,0,0,0,0,7,14,802,945
41090,53516,0,1,0,3,1,0,3,8,0,1,6,23,784,827
69276,53541,2,0,4,0,1,0,11,11,4,4,20,5,1157,1112
66150,53561,2,0,3,2,1,0,11,2,3,0,23,10,1072,1022
36745,53570,0,1,1,2,0,1,0,0,0,0,1,17,803,971
65726,53660,1,0,4,1,1,0,9,9,1,1,21,9,1165,1073
36260,53671,0,0,0,2,0,0,0,0,0,0,6,24,683,830
40193,53673,0,1,1,3,0,1,1,1,0,0,4,14,824,931
39188,53699,0,1,0,3,0,1,2,2,0,0,7,24,742,815
61548,53705,1,0,3,2,1,0,9,9,2,2,18,7,1086,1077
43354,53717,0,1,1,3,1,0,3,3,0,0,3,18,865,937
68957,53750,2,0,4,0,0,0,11,11,3,3,23,11,1089,1000
48188,53779,0,1,0,4,1,0,5,5,0,0,6,13,925,959
44902,53781,0,1,2,2,0,1,1,1,0,0,8,20,831,870
67402,53799,1,0,4,1,1,0,10,10,2,2,20,8,1167,1113
48667,53820,0,0,1,3,0,0,4,4,0,0,2,13,992,975
45146,53829,0,0,0,4,0,0,3,3,0,0,6,15,909,964
41579,53833,0,1,1,3,1,0,3,3,0,0,1,12,872,952
60943,53837,1,0,2,3,1,0,9,4,2,0,8,7,1135,1045
62362,53886,1,0,1,4,1,0,8,8,1,1,14,12,1001,1000
61984,53887,0,1,4,1,1,0,10,10,2,2,22,7,1103,1006
46769,53908,0,1,0,4,1,0,7,7,1,1,6,16,843,895
56617,53912,0,1,2,3,1,0,7,7,1,1,14,11,1093,1047
42339,53915,0,1,0,3,0,1,0,0,0,0,4,12,901,1017
44733,53921,0,0,0,4,1,0,1,1,0,0,8,16,836,971
40068,53980,0,1,2,2,1,0,3,9,0,1,4,16,771,891
63736,53990,1,0,5,0,0,1,9,9,3,3,22,13,949,993
41955,54001,0,1,2,2,0,1,1,9,0,1,6,16,841,911
65862,54010,2,0,3,2,1,0,10,10,3,3,22,4,1123,1092
62176,54016,2,0,5,0,1,0,10,10,2,2,12,4,1047,1091
43422,54038,0,1,0,4,1,0,1,1,0,0,5,19,850,944
43234,54105,0,1,0,4,0,1,3,10,0,2,6,21,825,865
68771,54111,2,0,2,2,1,0,11,11,3,3,26,15,1030,981
49418,54125,0,1,1,4,1,0,3,3,0,0,6,9,967,966
45699,54130,0,1,2,3,0,1,3,3,0,0,6,11,855,935
44243,54157,0,1,1,3,0,1,3,8,0,1,4,13,898,986
59040,54166,2,0,2,2,0,0,10,10,2,2,12,17,979,970
69257,54174,2,0,5,0,1,0,10,1,2,0,14,6,1231,1123
46889,54184,1,0,1,3,1,0,2,2,0,0,0,7,937,1057
39929,54259,0,1,0,4,0,1,0,9,0,2,1,12,932,1074
62202,54289,1,0,3,2,1,0,10,1,2,0,15,4,1087,1097
64698,54342,1,0,4,1,1,0,11,11,3,3,10,4,1234,1162
63650,54379,1,1,3,1,1,0,11,4,4,0,16,10,1055,1015
40729,54393,0,1,2,1,0,1,1,1,0,0,5,17,776,891
40688,54401,0,1,0,4,0,1,1,10,0,2,7,16,746,956
67559,54468,2,0,4,1,0,1,10,10,2,2,19,10,1134,1017
40567,54478,0,1,0,4,0,1,1,1,0,0,5,19,803,938
67982,54478,2,0,2,3,0,1,11,11,3,3,18,10,1168,1097
46111,54503,0,0,2,2,0,0,3,3,0,0,3,10,972,1002
63430,54514,1,0,3,2,1,0,10,10,2,2,21,11,1035,1013
40560,54543,0,1,1,2,1,0,2,2,0,0,7,25,733,855
60076,54556,1,0,2,3,0,0,7,7,1,1,19,14,1011,1008
60246,54573,1,0,4,0,0,0,6,6,1,1,15,6,1126,1050
65664,54575,0,1,5,0,1,0,10,10,2,2,26,4,1057,988
44294,54634,0,1,0,4,0,1,4,4,0,0,5,18,837,912
44553,54637,0,1,0,4,0,0,3,8,0,1,6,16,837,935
62631,54661,1,0,2,3,1,0,8,8,1,1,19,8,1019,1057
36514,54692,0,1,0,3,0,1,0,0,0,0,3,21,723,887
42574,54693,0,1,0,4,1,0,1,1,0,0,8,21,776,864
65700,54696,2,0,4,1,0,0,11,11,4,4,13,2,1173,1162
38527,54775,0,1,0,3,0,1,0,0,0,0,9,24,716,848
60706,54786,1,0,3,2,1,0,9,9,1,1,14,5,1186,1165
43626,54804,0,1,0,4,1,0,0,0,0,0,6,16,858,981
42789,54806,0,0,1,3,0,1,1,1,0,0,6,25,829,860
61355,54815,0,0,3,2,0,0,9,9,1,1,23,9,1041,1022
62339,54858,2,0,3,1,0,1,8,4,1,0,15,14,1064,999
68118,54867,2,0,4,1,1,0,10,10,2,2,20,7,1142,1069
62181,54869,0,1,3,2,0,1,9,9,2,2,17,12,1081,978
47247,54961,0,1,1,3,0,1,3,10,0,2,5,17,861,895
60794,54967,1,1,4,0,0,1,7,7,1,1,18,12,1026,989
64884,55013,1,0,3,2,1,0,10,10,2,2,15,4,1167,1165
66496,55061,1,0,5,0,1,0,10,10,3,3,22,18,1021,965
65539,55090,2,0,2,2,0,1,9,9,2,2,16,8,1159,1089
52648,55110,0,0,2,2,1,0,5,5,0,0,9,13,980,1082
63147,55178,1,0,4,1,1,0,9,3,1,0,23,11,1018,1062
63468,55224,1,0,3,2,1,0,11,11,3,3,15,8,1114,1063
44308,55225,0,1,1,3,0,1,2,10,0,1,2,12,894,1005
43334,55240,0,1,1,3,0,1,0,0,0,0,5,16,887,991
43202,55284,1,0,0,4,0,1,2,9,0,1,1,15,900,1071
45561,55295,0,1,0,4,0,1,3,3,0,0,1,11,937,1021
63602,55299,1,0,2,3,0,1,10,10,2,2,16,14,1122,1043
40125,55331,0,1,0,3,0,1,0,0,0,0,7,19,783,920
41540,55374,0,1,1,2,0,0,2,2,0,0,1,17,877,1003
47283,55374,0,1,3,1,0,1,1,8,0,1,4,6,996,1071
44570,55463,0,1,1,2,0,1,2,2,0,0,8,18,848,933
43520,55464,0,1,0,4,0,1,0,9,0,1,10,21,749,886
48883,55491,0,1,1,3,1,0,3,3,0,0,6,9,1004,1026
43215,55542,0,1,0,4,0,1,0,0,0,0,4,14,949,1033
43335,55687,0,1,0,4,1,0,1,1,0,0,5,17,893,969
67634,55772,2,0,3,2,1,0,11,11,2,2,10,6,1235,1149
67148,55842,1,0,2,4,0,0,10,3,2,0,17,9,1100,1113
66028,55865,2,0,3,2,1,0,10,10,2,2,20,13,1112,997
64693,55873,2,0,4,2,0,0,10,10,2,2,13,5,1160,1171
63128,55918,1,0,2,3,0,1,11,11,2,2,16,7,1169,1103
64766,55949,2,0,1,3,1,0,10,10,2,2,13,10,1115,1093
64417,55965,1,0,4,1,1,0,8,8,1,1,20,9,1106,1058
67256,56086,2,0,3,3,1,0,8,2,2,0,15,10,1179,1046
46634,56095,0,0,2,2,0,0,1,1,0,0,3,15,954,977
47422,56178,0,1,0,4,1,0,3,8,0,1,13,27,805,843
68945,56224,1,0,5,0,1,0,9,9,1,1,30,14,1046,1003
46155,56328,0,1,1,3,1,0,2,11,0,2,2,14,972,975
61606,56345,0,1,3,2,1,0,8,4,2,1,12,4,1181,1107
69814,56414,1,0,4,0,0,0,8,8,1,1,23,8,1167,1088
63467,56439,2,0,1,2,1,0,10,10,3,3,15,7,1129,1107
44578,56478,0,1,0,4,0,1,0,0,0,0,9,18,851,972
43037,56492,0,1,2,2,0,1,3,3,0,0,6,20,803,948
41100,56589,0,1,0,4,0,1,2,2,0,0,4,26,847,868
63709,56593,1,0,3,2,1,0,10,3,4,0,18,10,1073,1030
49584,56597,0,0,1,4,0,0,3,3,0,0,4,12,984,1027
41100,56602,0,1,0,4,0,1,0,0,0,0,6,17,775,959
47544,56615,0,0,0,4,0,0,2,2,0,0,6,12,997,1033
44234,56623,0,1,1,3,1,0,2,2,0,0,6,20,905,967
66047,56644,2,0,3,2,1,0,10,3,2,0,19,11,1065,1104
43633,56655,0,1,0,3,0,1,2,2,0,0,7,21,851,887
44322,56680,0,0,1,3,0,0,2,2,0,0,6,23,843,902
61100,56698,0,1,3,2,1,0,7,7,1,1,13,7,1189,1127
58731,56725,1,0,4,1,0,1,9,9,1,1,21,16,919,940
51675,56738,0,0,1,4,0,0,3,3,0,0,3,8,1106,1085
63997,56799,1,0,3,2,0,1,8,8,1,1,22,17,986,966
51656,56807,0,1,2,2,0,1,3,9,0,2,10,14,1005,1016
66126,56816,2,0,2,3,0,1,10,10,2,2,18,12,1132,1101
46848,56837,0,0,3,1,0,1,3,3,0,0,17,24,701,907
69486,56840,0,0,4,1,1,0,8,8,1,1,24,12,1173,1008
43564,56845,0,1,1,3,0,1,2,2,0,0,7,24,787,858
40841,56878,0,1,2,2,1,0,0,0,0,0,2,13,931,1096
39539,56981,0,1,1,3,0,1,0,0,0,0,4,24,790,861
39869,57022,0,1,0,4,1,0,1,1,0,0,3,15,788,991
42214,57032,0,0,1,3,0,0,0,0,0,0,4,21,918,952
48235,57043,0,1,2,2,1,0,1,1,0,0,15,24,824,857
48757,57053,0,1,0,4,0,1,4,4,0,0,4,11,944,1075
65987,57059,1,0,4,1,1,0,8,8,1,1,18,7,1148,1119
42650,57067,0,1,0,4,0,1,2,2,0,0,12,21,730,898
50522,57105,1,0,0,4,0,0,1,1,0,0,8,18,971,1071
67926,57158,1,0,4,2,0,1,9,9,2,2,17,10,1175,1106
50651,57188,0,1,0,4,1,0,4,4,0,0,16,23,858,941
41487,57196,0,1,1,3,1,0,2,2,0,0,6,27,801,841
48380,57197,0,1,2,2,0,1,4,4,0,0,5,22,887,908
65494,57201,2,0,4,1,0,1,9,9,2,2,22,17,1042,1014
44425,57300,0,1,0,4,1,0,1,1,0,0,10,22,785,975
66067,57305,1,0,4,1,0,0,11,11,3,3,18,12,1055,1036
42486,57345,0,1,0,3,1,0,1,1,0,0,4,17,828,972
67305,57349,2,0,5,1,1,0,10,10,2,2,15,7,1136,1122
64489,57369,1,1,2,2,0,1,11,11,3,3,11,5,1197,1149
47002,57387,0,1,0,3,1,0,2,2,0,0,8,13,952,1078
66403,57426,2,0,1,3,0,1,9,9,1,1,16,10,1100,1080
52463,57491,1,1,2,2,0,1,1,1,0,0,13,18,926,925
49090,57548,0,1,2,2,1,0,2,2,0,0,13,12,913,1047
45306,57582,0,1,1,2,0,1,3,3,0,0,14,24,813,905
67436,57599,2,0,5,0,1,0,10,3,2,0,22,13,999,1084
53797,57609,0,1,2,2,1,0,6,6,0,0,12,16,994,970
67286,57609,0,1,4,0,1,0,9,9,1,1,21,8,1208,1061
70625,57634,1,0,4,0,0,0,11,11,3,3,22,5,1181,1118
45553,57694,0,1,1,3,1,0,3,3,0,0,5,15,905,986
50944,57756,0,1,0,3,1,0,5,11,0,3,7,11,976,1048
67153,57795,1,1,4,2,1,0,8,8,2,2,19,8,1221,1076
47098,57836,0,1,1,2,0,1,4,4,0,0,5,24,929,928
67678,57874,1,0,2,3,1,0,9,9,1,1,25,14,1004,992
65643,57890,2,0,3,1,0,1,10,10,2,2,12,6,1158,1173
52243,57938,0,1,2,2,0,1,3,3,0,0,8,6,1043,1052
47879,57953,0,1,0,4,0,1,2,2,0,0,10,26,868,893
45905,58012,0,1,2,2,0,1,2,2,0,0,12,22,827,910
45728,58021,0,1,1,3,0,1,2,9,0,1,8,24,841,873
63005,58054,2,0,3,2,1,0,9,9,1,1,23,27,863,846
52113,58065,0,1,2,2,1,0,3,3,0,0,12,16,971,1004
61936,58098,1,0,2,3,1,0,9,9,2,2,17,13,998,1087
66616,58106,1,0,5,1,0,1,8,8,1,1,12,3,1239,1213
63545,58113,1,0,3,2,1,0,9,9,1,1,14,14,1153,986
68684,58118,1,0,2,2,0,1,11,11,3,3,15,9,1190,1065
73521,58215,1,0,4,1,1,0,9,9,1,1,14,5,1368,1167
54106,58255,1,0,0,4,0,1,3,3,0,0,13,17,942,991
47117,58309,0,1,0,3,0,1,3,3,0,0,5,21,933,980
45156,58319,0,1,0,4,0,1,1,1,0,0,6,20,886,1004
45184,58335,0,1,0,4,1,0,2,2,0,0,10,25,781,878
44328,58355,0,1,0,4,0,1,1,1,0,0,8,27,836,946
68404,58360,3,0,4,1,1,0,11,11,2,2,13,9,1176,1149
64282,58398,1,0,2,3,0,0,10,10,2,2,21,15,1070,1078
47673,58448,0,1,0,4,0,0,2,10,0,2,9,21,896,976
56444,58461,0,1,4,1,1,0,6,6,0,0,13,12,1003,972
42376,58462,0,1,1,3,1,0,0,11,0,3,9,27,808,886
66200,58491,2,0,3,2,0,1,10,10,2,2,16,5,1175,1142
48604,58621,0,1,0,4,1,0,4,10,0,2,3,15,1038,1057
47242,58623,0,1,0,4,0,1,3,3,0,0,4,14,975,1084
40202,58633,0,1,0,3,0,1,0,0,0,0,7,25,738,940
42391,58683,0,0,0,4,0,0,1,1,0,0,7,26,806,950
48447,58685,0,1,0,4,0,1,4,4,0,0,5,20,929,1016
51380,58710,0,1,1,3,1,0,4,4,0,0,7,18,1011,1002
67625,58786,1,0,3,2,1,0,8,2,1,0,15,10,1297,1182
48497,58795,0,1,2,2,1,0,3,3,0,0,7,20,957,975
70780,58822,1,0,3,2,0,1,11,11,3,3,13,4,1290,1323
40380,58830,0,1,0,3,1,0,0,0,0,0,8,28,748,891
48271,58853,0,1,0,3,0,1,2,2,0,0,12,26,879,889
47887,58898,0,0,2,2,0,0,0,0,0,0,4,12,1008,1046
42781,58911,0,1,1,3,1,0,1,1,0,0,9,16,775,1046
62056,58921,1,1,4,1,0,1,9,9,2,2,14,7,1067,1075
52234,58954,0,1,4,1,0,1,3,3,0,0,5,11,1082,1082
63397,59001,0,1,5,0,1,0,10,10,3,3,19,14,1054,1005
48572,59011,0,1,1,3,1,0,2,2,0,0,7,18,978,1039
50332,59051,0,1,0,4,1,0,3,3,0,0,6,12,993,1094
49185,59061,0,1,0,4,1,0,1,1,0,0,4,12,1001,1061
58855,59073,0,1,3,3,0,1,8,8,1,1,6,8,1162,1097
49146,59109,0,1,1,4,0,1,3,3,0,0,4,15,936,1058
46341,59194,0,1,0,4,0,1,3,3,0,0,4,18,975,1057
44770,59197,0,1,1,3,1,0,1,1,0,0,4,18,945,1031
69441,59220,2,0,3,2,0,0,11,11,4,4,12,5,1199,1151
66822,59275,2,0,3,2,0,1,9,9,1,1,16,11,1137,1165
45754,59307,0,1,1,3,0,1,4,9,0,2,6,24,860,961
70378,59308,1,0,3,3,1,0,10,4,2,0,22,10,1131,1077
63021,59309,1,0,2,3,0,1,8,8,1,1,11,12,1086,1128
63409,59320,1,1,2,3,1,0,10,4,2,0,15,14,1114,1044
49255,59335,0,0,0,4,0,0,3,3,0,0,10,18,895,957
47176,59343,0,1,0,4,0,1,0,0,0,0,8,19,928,1071
47864,59355,0,0,1,3,0,0,3,3,0,0,4,19,951,1041
49640,59360,0,1,1,3,1,0,3,3,0,0,9,17,897,1001
47804,59367,0,1,2,2,1,0,2,2,0,0,10,17,908,1006
46674,59421,0,1,1,3,0,1,3,3,0,0,7,17,936,991
51164,59433,0,1,2,3,0,1,2,2,0,0,8,16,976,1033
47888,59468,0,1,1,3,1,0,2,2,0,0,5,19,935,1001
67822,59521,1,0,3,2,0,0,8,8,1,1,22,5,1184,1231
45578,59555,0,1,0,4,0,1,0,0,0,0,13,30,780,889
48425,59635,0,1,0,4,0,1,2,2,0,0,12,19,862,1071
70543,59676,1,0,5,1,1,0,10,10,1,1,15,6,1148,1106
45682,59683,0,1,0,4,0,1,2,2,0,0,7,22,881,991
49900,59687,0,1,2,2,1,0,3,3,0,0,6,17,997,1041
67837,59696,1,0,3,2,1,0,11,11,3,3,19,9,1201,1089
56070,59754,0,1,2,3,0,1,4,4,0,0,7,8,1093,1071
45809,59789,0,0,0,4,0,0,1,1,0,0,3,21,983,1068
65074,59814,2,0,2,4,0,0,7,7,1,1,11,7,1145,1199
55038,59864,1,0,0,4,1,0,3,3,0,0,4,15,1105,1158
59498,59917,0,0,2,3,0,0,7,7,1,1,6,4,1235,1276
52671,59935,0,1,2,3,1,0,3,3,0,0,11,13,1021,1034
69136,59948,2,0,2,1,0,1,11,11,4,4,28,13,1056,1059
46505,59988,0,1,1,2,0,1,3,3,0,0,8,28,806,870
71759,59994,2,0,4,1,1,0,10,10,2,2,24,12,1096,1099
49374,60004,0,1,2,2,0,1,1,7,0,1,10,25,949,1006
66664,60022,0,0,3,2,1,0,8,8,1,1,12,2,1351,1287
52858,60080,0,1,1,3,0,1,4,9,0,1,13,23,936,942
54309,60109,0,1,1,3,1,0,5,5,0,0,8,18,1008,1032
53476,60109,0,0,3,2,0,0,3,3,0,0,10,14,1042,1049
49785,60115,0,1,0,3,0,1,4,8,0,1,8,25,900,964
44805,60119,0,1,2,2,0,1,1,1,0,0,9,19,830,958
52138,60130,0,1,1,4,0,1,3,3,0,0,7,16,946,1048
45699,60204,0,1,0,4,0,0,1,11,0,2,14,28,756,930
43609,60223,0,0,1,3,0,0,0,0,0,0,2,17,987,1092
70860,60225,3,0,2,3,0,1,10,10,2,2,9,8,1297,1229
51620,60304,0,1,3,1,0,1,4,4,0,0,11,23,923,873
64346,60358,1,0,2,2,1,0,10,10,1,1,22,16,948,1037
50519,60422,1,0,0,4,0,0,1,1,0,0,3,13,1085,1145
77482,60466,2,0,4,2,0,1,11,11,2,2,21,12,1252,1131
50812,60488,0,1,2,2,1,0,0,0,0,0,10,14,992,1052
47991,60517,0,1,0,3,1,0,3,3,0,0,5,22,923,1005
50636,60586,0,0,0,4,0,0,4,4,0,0,12,18,920,1021
50825,60609,1,0,2,2,1,0,1,1,0,0,9,21,995,1092
71858,60610,1,0,4,2,1,0,11,3,3,0,13,2,1327,1314
49504,60641,0,1,0,5,1,0,2,2,0,0,10,18,935,972
72774,60649,1,1,4,2,0,1,9,9,2,2,23,6,1200,1118
67464,60703,1,0,5,1,1,0,9,9,1,1,18,3,1140,1285
65863,60730,1,1,2,3,1,0,8,8,1,1,18,15,1090,1089
68987,60732,2,0,2,3,0,1,10,10,2,2,17,8,1153,1180
69047,60739,2,1,3,3,1,0,8,3,1,0,9,5,1274,1215
70318,60760,1,0,2,3,1,0,11,11,3,3,16,6,1195,1182
53757,60807,1,0,2,3,0,1,4,4,0,0,9,15,1024,1055
49628,60819,0,1,0,3,0,1,3,3,0,0,4,15,979,1028
55503,60861,0,1,1,4,1,0,4,4,0,0,8,16,1075,1102
47579,60879,0,1,3,2,1,0,3,3,0,0,2,14,1016,1076
47139,60895,0,1,0,4,0,1,3,3,0,0,1,14,996,1049
48006,60904,0,1,0,4,0,1,0,0,0,0,11,21,878,995
44736,61010,0,1,1,2,1,0,1,1,0,0,8,24,850,967
47940,61047,0,1,1,4,0,1,1,10,0,1,4,26,934,973
53598,61085,0,0,1,3,0,0,6,6,0,0,10,19,907,978
52965,61117,0,1,2,3,0,0,2,10,0,1,12,18,998,1060
73097,61180,2,1,3,2,1,0,8,8,1,1,25,13,1190,1118
75503,61182,2,0,3,2,1,0,10,10,1,1,23,7,1285,1221
48419,61188,0,1,0,4,0,1,1,1,0,0,6,19,964,1011
72429,61198,1,1,3,1,1,0,9,9,2,2,25,16,1132,1016
51535,61200,1,0,3,1,0,0,2,2,0,0,7,21,1039,1051
42551,61201,0,0,1,2,0,0,0,0,0,0,4,22,913,967
51967,61247,0,1,2,2,0,0,2,8,0,1,10,21,977,1089
53539,61268,0,1,1,4,1,0,3,3,0,0,10,22,942,947
69991,61300,1,0,4,1,1,0,10,10,2,2,13,7,1341,1240
47521,61349,0,1,0,4,1,0,1,1,0,0,13,23,806,946
49823,61361,0,2,2,3,0,1,3,8,0,1,7,22,938,957
48755,61368,0,1,1,3,0,1,2,2,0,0,7,17,1044,1147
69718,61377,1,1,3,3,1,0,10,10,2,2,16,4,1225,1148
47931,61407,0,1,2,3,1,0,3,3,0,0,6,23,903,1020
50510,61459,0,1,1,3,0,1,2,10,0,2,3,11,1091,1171
65868,61494,1,0,4,1,0,0,9,9,1,1,16,7,1209,1082
47837,61544,0,1,2,2,1,0,0,9,0,1,10,26,902,966
72561,61546,2,0,4,2,1,0,9,9,1,1,19,3,1233,1327
68926,61613,1,0,2,3,0,1,9,9,1,1,20,8,1171,1134
51284,61617,0,1,0,4,1,0,5,5,0,0,10,18,908,993
54978,61627,0,1,1,4,1,0,4,4,0,0,13,18,1020,1015
56514,61634,0,1,2,3,1,0,5,8,0,1,10,17,1017,1065
56296,61662,1,1,1,3,0,0,3,8,0,1,6,14,1098,1123
51387,61693,0,0,1,3,0,0,1,1,0,0,9,12,1051,1101
47613,61715,0,1,0,4,0,1,2,10,0,2,7,25,886,977
48788,61720,0,1,0,5,1,0,2,2,0,0,8,15,971,1082
49907,61737,0,2,2,3,0,0,2,9,0,1,3,16,1043,1100
70368,61787,0,1,2,3,0,0,7,4,1,0,27,9,1172,1149
56409,61812,1,0,1,4,0,0,5,5,1,1,12,27,970,1066
52361,61872,0,1,3,2,1,0,4,4,0,0,7,14,1037,1071
49212,61917,0,1,1,3,0,1,3,3,0,0,6,15,940,1000
48306,61922,0,1,0,4,1,0,3,3,0,0,6,25,954,1038
69777,61990,2,0,1,5,1,0,10,10,2,2,23,24,1038,948
46830,62001,0,0,2,2,0,0,1,1,0,0,11,22,854,990
63905,62015,2,0,1,3,1,0,8,8,2,2,20,21,962,1078
57724,62050,0,1,1,3,1,0,4,9,0,2,16,17,1081,1106
70734,62055,1,1,5,0,1,0,10,10,2,2,30,12,1063,1068
74357,62189,2,0,4,1,0,0,10,10,2,2,28,17,1151,1103
52990,62200,0,1,2,2,1,0,4,4,0,0,8,22,908,1015
51633,62270,1,0,1,3,0,1,2,2,0,0,4,8,1076,1198
71978,62326,1,0,4,2,0,0,8,8,1,1,16,7,1300,1260
70862,62342,1,0,2,3,1,0,10,10,2,2,23,14,1143,1131
71640,62350,2,0,3,2,1,0,11,11,6,6,19,14,1172,1198
50571,62443,0,1,2,2,1,0,1,11,0,3,2,15,1088,1092
53410,62451,0,1,2,2,0,1,3,3,0,0,10,17,1019,1147
76593,62488,2,0,5,0,1,0,11,4,3,0,24,7,1248,1216
48926,62490,0,1,0,4,0,1,1,9,0,1,5,19,995,1141
49693,62505,0,1,0,4,0,1,2,2,0,0,11,19,910,1049
56088,62525,0,1,4,1,1,0,3,3,0,0,19,21,975,1106
63419,62537,1,0,0,4,0,0,7,7,1,1,11,15,1131,1197
73429,62542,2,0,4,1,0,1,9,3,1,0,29,13,1124,1209
76069,62551,3,0,4,2,1,0,11,11,4,4,13,6,1335,1264
53492,62569,1,0,2,2,0,0,2,2,0,0,6,10,1079,1117
62435,62573,0,1,3,2,0,1,7,7,1,1,12,11,1171,1140
55970,62577,0,1,0,4,1,0,2,2,0,0,13,20,1042,968
51668,62587,0,2,1,4,1,0,4,9,0,1,3,12,1121,1166
72491,62656,2,0,3,2,0,0,9,9,1,1,14,8,1279,1262
55637,62668,0,0,2,3,0,0,4,4,0,0,11,11,1045,1126
52245,62670,0,1,0,3,1,0,4,4,0,0,18,36,779,852
69599,62675,2,0,4,2,1,0,8,8,1,1,21,14,1076,1108
44107,62716,0,1,0,3,0,1,0,0,0,0,2,16,965,1091
51794,62721,0,1,0,4,0,1,3,3,0,0,10,20,990,989
53508,62744,0,1,0,4,1,0,4,10,0,2,6,20,1047,1035
68988,62771,1,0,0,4,0,0,9,9,1,1,16,12,1154,1093
46953,62780,0,1,2,2,0,1,2,2,0,0,6,24,919,1038
57802,62850,0,1,2,3,0,1,3,3,0,0,15,9,1065,1158
45956,62857,0,1,1,3,1,0,2,2,0,0,7,25,885,1012
65469,62869,1,0,0,4,0,0,8,8,2,2,11,11,1132,1105
72256,62922,2,1,3,2,0,1,8,3,1,0,16,8,1270,1226
71545,62952,2,0,4,1,0,0,11,11,3,3,20,6,1218,1236
47623,63068,0,1,0,4,0,1,2,2,0,0,7,24,938,1020
52748,63070,0,1,3,2,1,0,3,3,0,0,11,11,990,1118
51428,63114,0,2,2,3,1,0,1,11,0,3,4,15,1036,1068
63904,63176,0,1,4,1,0,1,7,7,1,1,18,13,1125,1132
56197,63187,2,0,1,4,0,1,4,10,0,2,6,15,1087,1202
51992,63239,0,1,2,2,1,0,2,2,0,0,11,21,958,977
49368,63241,0,1,0,4,0,0,2,2,0,0,10,31,901,933
54320,63362,0,0,1,4,0,0,3,3,0,0,10,16,1024,1089
72590,63398,1,0,4,2,1,0,11,3,1,0,19,8,1266,1250
57846,63491,0,1,2,3,0,1,3,8,0,2,12,20,1113,1058
51622,63499,0,1,1,4,0,1,1,1,0,0,11,23,974,1078
75417,63521,2,0,4,2,1,0,10,10,3,3,18,3,1304,1286
49552,63623,0,1,0,4,0,0,2,9,0,1,3,17,956,1114
56877,63623,0,1,1,4,1,0,4,9,0,1,6,13,1159,1218
58911,63632,1,0,2,3,0,0,4,4,0,0,12,20,1094,1036
61919,63642,0,0,2,4,0,1,5,5,0,0,4,7,1264,1249
62231,63650,1,0,2,2,1,0,5,5,0,0,22,20,984,1078
73325,63731,2,0,5,1,0,1,8,8,1,1,16,10,1355,1172
64454,63737,1,0,3,3,0,0,8,8,1,1,10,10,1157,1152
72782,63788,2,0,4,1,1,0,9,9,2,2,21,6,1206,1248
47829,63788,0,1,1,2,1,0,2,2,0,0,5,26,968,994
58694,63912,0,1,2,3,0,1,5,5,0,0,6,9,1234,1193
50200,63934,0,1,0,4,0,1,1,1,0,0,11,20,895,1067
56112,63965,0,1,2,3,1,0,3,3,0,0,3,9,1214,1252
68104,63978,1,0,4,1,0,0,8,8,1,1,13,10,1256,1208
51362,64027,0,1,1,3,1,0,3,3,0,0,13,29,916,954
60220,64121,1,0,3,3,0,1,4,4,0,0,14,26,993,963
61923,64155,2,0,1,4,1,0,4,4,0,0,12,12,1075,1168
75318,64160,2,0,2,3,0,0,11,11,3,3,17,9,1275,1266
72649,64161,2,0,5,1,1,0,9,5,1,0,23,16,1088,1076
70994,64172,1,0,3,2,0,0,8,8,1,1,19,9,1253,1196
67952,64206,1,0,3,3,1,0,8,8,1,1,16,12,1225,1230
70063,64213,1,0,3,3,0,0,8,8,1,1,14,8,1255,1331
45794,64227,0,1,0,4,0,1,1,1,0,0,6,32,856,905
64125,64322,0,1,2,4,1,0,7,7,1,1,11,13,1237,1183
74109,64369,1,0,3,3,0,0,10,10,2,2,18,11,1241,1184
56666,64372,0,1,2,3,1,0,5,5,0,0,7,17,1119,1154
75786,64420,2,1,2,2,1,0,11,3,3,0,11,6,1331,1299
56166,64423,1,0,2,4,1,0,3,3,0,0,6,21,1046,1058
73681,64551,2,0,1,4,1,0,10,10,2,2,26,19,1202,1161
70297,64558,1,1,5,1,1,0,10,10,2,2,14,12,1213,1192
76291,64581,2,0,3,3,0,0,11,11,5,5,9,6,1317,1316
78041,64616,2,0,3,4,1,0,11,11,3,3,18,11,1349,1289
52957,64628,0,1,2,3,0,1,3,3,0,0,4,17,1111,1124
58360,64780,0,1,1,4,0,1,4,4,0,0,11,20,1137,1130
50181,64851,0,0,0,5,1,0,3,3,0,0,9,27,903,1031
52474,65026,0,1,1,3,1,0,1,1,0,0,12,20,1007,1144
53967,65038,0,1,1,4,1,0,2,2,0,0,8,17,1043,1138
57403,65046,0,1,2,2,1,0,4,4,0,0,14,16,1106,1143
57097,65077,0,1,2,3,1,0,3,3,0,0,7,17,1090,1157
73097,65103,1,0,2,3,1,0,11,11,2,2,18,11,1317,1313
77699,65108,2,0,3,2,1,0,11,11,3,3,27,13,1209,1215
54983,65109,0,1,2,3,0,1,2,2,0,0,4,14,1150,1146
80886,65112,3,0,4,2,0,1,10,10,3,3,19,11,1405,1282
74657,65119,3,0,2,3,0,1,10,10,5,5,22,19,1165,1151
56019,65156,0,1,0,5,1,0,4,4,0,0,8,17,1080,1103
68387,65166,1,0,1,4,1,0,8,8,1,1,20,11,1142,1244
57408,65211,0,1,1,4,0,1,4,4,0,0,15,24,983,987
68902,65239,0,0,2,3,0,0,7,7,1,1,17,14,1263,1246
60253,65244,0,0,1,4,0,0,3,3,0,0,11,19,1176,1124
70830,65310,0,0,4,2,0,0,8,8,1,1,15,7,1251,1239
50878,65315,0,1,0,4,0,1,0,0,0,0,16,16,934,1109
53624,65318,0,0,0,4,0,0,2,2,0,0,14,23,980,1059
60776,65320,1,0,3,2,1,0,6,9,0,2,8,16,1080,1205
73011,65325,2,0,3,3,1,0,10,10,2,2,17,13,1210,1215
74801,65350,1,0,4,2,1,0,9,9,1,1,13,6,1383,1350
63536,65351,1,0,1,3,1,0,7,7,0,0,18,22,1042,1141
62634,65365,1,0,2,3,0,1,8,8,1,1,19,20,1026,1117
54022,65374,0,1,2,3,1,0,2,2,0,0,14,21,964,1063
58098,65378,0,1,2,3,0,1,3,3,0,0,16,15,1085,1156
57742,65398,0,1,2,3,1,0,3,3,0,0,13,23,1100,1043
56616,65405,0,1,3,2,0,1,4,4,0,0,13,21,1019,1025
53675,65533,0,1,1,4,1,0,2,2,0,0,8,12,1096,1217
53783,65617,0,1,1,3,1,0,0,0,0,0,16,20,1034,1086
72385,65716,2,0,4,2,0,1,11,11,4,4,18,12,1245,1261
55979,65722,0,0,3,2,0,0,4,4,0,0,18,19,952,1029
74198,65739,1,1,2,4,0,0,8,5,1,0,20,22,1124,1058
58346,65783,0,1,2,4,1,0,3,3,0,0,13,16,1021,1079
74946,65798,2,0,3,2,0,0,10,10,3,3,23,12,1249,1187
59384,65819,0,1,3,2,1,0,3,3,0,0,18,22,1093,1019
58483,65826,1,0,1,4,0,0,3,3,0,0,10,21,1122,1172
72268,65837,1,0,4,2,0,1,9,9,2,2,23,13,1172,1033
57806,65867,1,0,2,3,1,0,3,3,0,0,5,12,1121,1235
69928,65882,1,0,2,3,0,0,9,9,1,1,20,21,1162,1108
58037,65884,0,1,1,4,1,0,2,2,0,0,9,13,1133,1199
54570,65907,0,1,1,4,1,0,3,3,0,0,8,20,1091,1069
67451,65974,0,1,2,3,1,0,7,7,1,1,23,26,1015,965
58073,65994,0,1,3,3,1,0,4,4,0,0,8,11,1194,1223
57471,66005,0,1,3,3,1,0,4,4,0,0,11,11,1105,1146
55715,66017,0,1,1,4,0,1,2,2,0,0,9,14,1100,1119
60449,66084,0,1,4,1,1,0,6,6,0,0,15,12,1047,1062
63972,66127,1,0,2,3,0,0,5,5,1,1,22,23,1046,1031
53211,66137,0,1,2,2,0,1,3,3,0,0,6,19,1092,1093
76813,66154,2,1,2,4,1,0,11,3,4,0,18,8,1357,1351
78658,66194,1,0,4,2,0,1,10,2,3,0,18,9,1433,1330
56433,66202,0,1,2,3,0,1,2,2,0,0,11,18,1043,1104
58432,66221,1,0,3,2,1,0,5,5,0,0,15,21,940,1124
57949,66498,1,0,0,4,0,0,2,2,0,0,15,30,989,984
73867,66523,2,0,4,2,1,0,11,3,4,0,9,12,1299,1246
49412,66646,0,1,0,5,0,1,2,2,0,0,4,18,981,1072
61859,66652,0,1,1,4,0,1,3,3,0,0,16,21,1179,1158
68569,66685,0,0,4,1,0,0,7,7,1,1,18,8,1281,1284
73325,66756,2,0,4,1,1,0,8,6,2,0,17,10,1304,1345
62596,66760,0,2,2,4,0,1,2,10,0,2,16,15,1088,1100
56850,66762,0,1,3,1,0,1,2,2,0,0,11,15,1115,1215
58227,66772,0,0,2,3,0,1,3,3,0,0,2,21,1180,1134
75678,66792,1,1,4,2,1,0,11,11,3,3,19,4,1345,1407
57975,66823,0,0,2,3,0,0,1,1,0,0,13,17,1109,1144
72304,66834,1,1,2,3,0,1,8,8,1,1,15,12,1321,1193
62228,66883,0,1,1,3,0,1,7,7,1,1,18,24,1071,1033
57869,66940,0,0,3,2,0,0,5,5,1,1,11,21,1065,1081
65560,66978,1,1,3,2,1,0,8,8,1,1,15,17,1136,1192
54041,67017,0,1,1,5,0,1,1,1,0,0,8,8,1040,1157
57670,67026,1,0,1,4,0,1,3,3,0,0,8,21,1103,1243
54945,67113,0,0,0,4,0,0,5,5,0,0,8,23,987,1022
58109,67113,1,1,2,3,0,1,2,7,0,1,9,14,1160,1283
70112,67152,1,1,2,3,1,0,8,8,2,2,24,19,1056,1039
60927,67193,0,1,2,3,1,0,5,5,0,0,23,26,1031,999
78849,67234,2,0,4,2,1,0,9,9,1,1,15,4,1456,1334
80771,67242,2,0,3,3,0,0,10,10,2,2,17,8,1351,1304
76008,67252,1,1,3,4,0,1,9,9,1,1,9,4,1504,1320
76885,67269,1,0,0,4,0,0,9,9,1,1,18,17,1258,1219
74249,67281,2,1,3,2,0,1,9,6,1,0,21,16,1194,1195
61478,67292,0,1,1,4,1,0,3,3,0,0,3,3,1281,1259
56825,67357,0,1,1,4,1,0,3,10,0,3,13,29,981,1004
57707,67485,0,0,3,2,0,0,3,3,0,0,10,15,1085,1107
74324,67527,2,1,3,2,0,0,8,4,1,0,22,8,1276,1328
58418,67538,0,1,2,3,0,1,6,6,1,1,7,16,1153,1154
72208,67575,1,1,3,3,0,1,9,9,1,1,24,22,1103,1058
76190,67624,2,0,4,2,1,0,10,10,2,2,24,12,1182,1187
61848,67660,1,1,0,5,0,1,4,9,0,2,16,17,1055,1079
60289,67666,0,1,3,3,0,1,3,3,0,0,11,13,1117,1056
77405,67699,2,0,2,4,0,1,10,10,2,2,25,8,1237,1308
59162,67748,0,1,2,2,1,0,5,5,0,0,10,22,1130,1196
60324,67768,0,1,2,4,0,1,4,7,0,1,6,15,1209,1190
50835,67804,0,1,1,4,0,1,2,2,0,0,10,26,925,1006
62643,67942,1,0,3,2,0,1,4,4,0,0,6,13,1231,1215
59766,67968,0,1,2,2,1,0,5,5,0,0,11,17,1099,1156
60239,68000,0,1,1,4,0,1,3,3,0,0,11,20,1155,1141
71812,68001,0,1,4,2,0,0,7,4,1,0,23,20,1219,1150
80155,68042,3,0,4,1,1,0,11,3,5,0,22,10,1232,1255
63934,68153,1,0,0,5,1,0,8,8,2,2,26,25,878,1073
62184,68220,1,0,4,2,1,0,8,8,0,0,11,15,1091,1058
51465,68231,0,1,0,5,0,1,0,0,0,0,4,12,1091,1300
59604,68287,0,1,1,4,0,1,3,9,0,1,4,13,1251,1265
74736,68335,0,0,3,2,0,0,9,9,2,2,32,24,1151,1096
53883,68460,0,1,0,5,1,0,4,4,0,0,4,15,1102,1214
63323,68481,0,1,2,4,1,0,5,5,0,0,14,19,1139,1127
54756,68637,0,0,3,2,0,0,1,1,0,0,6,17,1146,1156
78241,68643,1,1,4,2,1,0,8,8,1,1,30,5,1318,1324
56403,68702,0,2,2,3,1,0,6,9,0,1,6,18,1120,1112
55881,68768,0,2,2,3,0,1,3,9,0,1,4,16,1150,1244
72120,68833,2,1,2,3,1,0,8,8,1,1,18,15,1261,1247
79762,68862,1,0,4,2,1,0,8,8,2,2,24,13,1382,1282
64887,68866,1,1,2,4,1,0,3,8,0,1,14,14,1195,1263
56695,68894,0,1,2,3,0,1,1,1,0,0,7,9,1143,1358
74841,68926,1,0,3,3,1,0,9,9,1,1,27,15,1152,1118
58111,68938,0,0,0,4,0,0,3,3,0,0,6,23,1111,1061
58999,68977,0,2,2,3,1,0,3,10,0,1,15,18,1059,1176
52534,68979,0,2,1,4,0,1,2,9,0,1,5,25,1031,1151
62023,68991,0,1,1,4,1,0,2,2,0,0,13,22,1101,1011
59504,68996,0,0,0,4,0,0,2,2,0,0,5,14,1226,1202
57617,69027,0,1,2,3,0,1,2,2,0,0,13,28,1029,1041
60019,69255,0,1,2,3,0,1,2,2,0,0,13,26,1127,1161
77971,69320,2,0,3,2,0,1,11,11,3,3,32,22,1168,1216
54938,69322,0,1,1,3,0,1,2,11,0,3,8,23,1039,1135
68198,69377,1,1,1,4,1,0,6,6,0,0,15,22,1185,1108
59952,69377,0,1,2,3,1,0,3,3,0,0,10,13,1174,1258
78655,69409,2,0,3,4,0,1,11,11,3,3,27,18,1253,1243
65203,69415,0,1,3,2,0,1,4,4,0,0,9,16,1288,1192
53774,69455,0,2,2,3,0,1,2,11,0,4,11,26,982,1064
60366,69622,0,1,1,4,1,0,2,2,0,0,14,19,1083,1098
61308,69643,0,1,1,4,1,0,3,3,0,0,16,24,1075,1071
65680,69651,1,1,1,5,1,0,10,10,2,2,18,25,964,1096
74415,69686,1,0,3,3,1,0,8,8,1,1,21,17,1274,1261
76818,69700,2,1,2,3,1,0,11,11,2,2,21,14,1237,1218
57984,69834,0,2,1,4,1,0,3,8,0,1,4,16,1194,1264
64116,69850,1,1,2,3,1,0,7,10,0,2,17,27,1000,1070
71693,69853,1,0,3,3,0,0,5,5,0,0,17,13,1237,1218
64050,69973,1,0,1,4,0,0,5,5,0,0,5,7,1297,1376
63014,69995,0,1,2,4,1,0,3,3,0,0,11,15,1245,1298
58850,70103,0,2,2,3,0,1,3,10,0,2,13,25,1081,1090
68917,70246,1,0,3,3,0,0,7,7,1,1,22,15,1164,1158
59950,70377,0,1,3,2,1,0,3,3,0,0,15,19,1019,1147
63420,70454,0,1,1,4,1,0,3,3,0,0,18,23,1111,1146
61536,70695,0,1,1,5,1,0,4,4,0,0,12,20,1176,1174
66009,70704,0,1,3,2,0,1,5,5,0,0,22,26,1125,1044
76635,70743,2,0,4,2,1,0,8,8,1,1,24,14,1260,1219
77659,70813,1,0,4,3,1,0,8,8,1,1,16,9,1467,1442
63463,70896,2,0,3,3,1,0,4,9,0,1,5,16,1181,1321
79912,70986,2,0,4,3,1,0,10,10,1,1,28,18,1226,1255
62039,70997,0,1,2,4,0,1,2,2,0,0,10,15,1250,1331
79711,71003,2,0,3,2,1,0,11,11,5,5,18,12,1439,1338
58076,71024,0,0,1,4,0,0,4,4,0,0,5,12,1118,1223
55439,71071,0,1,2,3,1,0,1,1,0,0,7,16,1161,1277
68866,71159,0,1,2,3,0,1,8,8,1,1,26,21,1115,1182
62434,71208,1,0,3,3,1,0,5,5,0,0,13,22,1128,1225
54111,71237,0,0,1,4,0,0,2,2,0,0,14,37,927,996
69438,71288,1,1,2,4,1,0,6,6,1,1,19,19,1128,1135
79452,71291,1,1,4,2,1,0,7,7,1,1,15,12,1504,1308
77137,71348,1,1,5,0,1,0,11,11,2,2,11,8,1339,1283
73770,71352,2,0,4,2,0,0,7,7,0,0,15,19,1313,1174
57633,71410,0,1,2,4,0,1,3,3,0,0,10,17,1096,1234
63170,71493,0,1,4,1,1,0,4,4,0,0,25,30,1074,1059
66580,71547,1,0,0,6,1,0,8,8,1,1,10,26,1106,1128
64762,71630,0,1,1,4,1,0,4,4,0,0,12,14,1236,1280
63644,71673,0,1,3,3,0,1,3,3,0,0,9,19,1116,1194
76665,71697,1,1,4,2,0,1,7,7,2,2,24,6,1305,1326
61266,71753,0,0,3,3,0,0,4,4,0,0,9,21,1100,1244
63686,71813,1,0,1,5,0,1,5,5,0,0,13,22,1128,1182
62828,72079,0,1,2,3,1,0,4,4,0,0,7,17,1263,1281
66574,72086,1,0,1,4,1,0,8,8,1,1,15,17,1127,1237
63279,72202,1,0,0,4,0,0,5,5,0,0,13,25,1126,1145
76939,72256,1,0,4,2,0,1,11,11,4,4,22,14,1198,1274
59672,72310,0,0,1,4,0,0,1,1,0,0,5,14,1221,1198
63500,72327,0,2,1,4,0,1,3,7,0,1,11,22,1231,1197
58839,72501,0,1,1,4,0,1,3,3,0,0,9,17,1171,1261
61602,72502,0,1,1,5,0,1,4,4,0,0,10,15,1174,1256
78217,72552,3,0,3,3,1,0,10,10,2,2,23,17,1193,1234
81284,72750,4,0,3,3,1,0,10,4,3,0,18,24,1183,1274
63853,72779,0,1,3,3,1,0,3,3,0,0,9,12,1240,1286
65750,73009,0,1,1,4,0,1,6,6,0,0,16,27,1063,1136
77800,73036,1,0,3,4,0,0,9,9,2,2,13,14,1418,1438
66296,73203,1,0,2,3,0,1,4,9,0,1,5,13,1350,1452
59932,73217,0,0,2,4,0,0,3,3,0,0,10,22,1178,1276
80597,73228,2,0,3,4,1,0,10,10,2,2,30,17,1151,1235
70498,73239,2,1,2,4,1,0,8,7,0,1,14,14,1216,1302
74144,73254,2,0,2,4,1,0,10,10,1,1,18,20,1164,1269
68623,73257,2,0,4,2,1,0,8,7,2,1,13,17,1164,1277
76310,73305,1,1,2,4,0,1,9,9,2,2,9,18,1311,1231
63366,73392,0,1,2,4,1,0,3,3,0,0,15,18,1207,1314
63590,73488,0,1,3,2,1,0,3,3,0,0,9,16,1255,1267
62192,73581,0,1,1,4,0,1,3,3,0,0,13,24,1155,1218
78376,73759,2,0,2,4,0,0,9,9,2,2,18,23,1262,1207
79901,73767,2,0,2,4,0,1,11,11,3,3,13,14,1429,1352
78223,73784,2,1,4,0,0,0,10,8,2,2,22,14,1230,1153
62434,73823,0,1,1,4,0,1,2,2,0,0,10,23,1213,1290
73952,73871,1,1,4,2,0,1,5,5,0,0,18,18,1339,1235
65369,73903,0,1,2,4,1,0,4,4,0,0,12,24,1195,1161
86337,73931,3,0,2,4,0,1,8,8,1,1,34,10,1290,1411
72605,74042,0,1,3,3,0,1,10,10,3,3,12,20,1302,1289
80404,74214,1,0,4,2,0,0,9,9,2,2,20,8,1448,1397
52401,74255,0,1,0,5,0,1,0,0,0,0,9,20,1003,1254
61142,74339,0,1,1,4,0,1,2,2,0,0,10,22,1222,1291
61767,74353,1,0,2,4,0,0,4,4,0,0,3,17,1334,1389
64666,74372,0,0,2,4,0,0,3,3,0,0,18,23,1111,1219
66638,74391,0,1,4,2,1,0,5,5,0,0,10,11,1288,1278
70694,74420,0,1,2,3,1,0,7,7,2,2,25,21,1126,1144
79227,74527,1,1,3,4,0,1,9,9,1,1,9,8,1508,1337
68077,74571,1,1,0,5,0,1,6,11,1,4,6,21,1292,1252
82939,74683,0,1,4,3,0,1,9,9,2,2,37,14,1320,1359
79763,75027,1,0,3,4,0,0,8,8,1,1,8,3,1607,1519
65379,75047,0,2,3,3,0,1,4,10,0,3,8,13,1369,1374
69298,75109,1,1,4,2,1,0,5,5,0,0,12,13,1306,1315
70485,75144,1,0,0,6,1,0,5,5,0,0,19,23,1138,1132
62340,75213,0,0,2,4,0,0,2,2,0,0,5,14,1346,1354
68768,75340,1,2,3,3,1,0,4,10,0,2,12,11,1246,1412
72934,75403,1,0,3,4,0,1,7,7,0,0,14,27,1242,1246
64648,75416,0,1,1,5,1,0,5,5,0,0,15,20,1176,1257
66691,75537,0,1,2,4,0,1,4,4,0,0,8,13,1311,1366
62151,75642,0,1,1,4,0,1,5,5,0,0,7,26,1144,1212
72840,75747,1,0,3,3,0,0,5,5,0,0,6,13,1445,1387
69810,75840,0,1,2,4,1,0,5,5,0,0,11,16,1308,1302
65218,75948,0,1,3,3,0,1,3,3,0,0,9,22,1337,1368
75527,75983,1,0,2,4,0,1,7,7,0,0,14,20,1296,1323
81345,76156,1,0,3,4,1,0,11,11,2,2,17,12,1354,1363
81706,76270,2,0,4,3,0,0,8,8,1,1,17,8,1443,1387
78194,76321,0,1,5,2,0,1,8,8,1,1,29,13,1283,1236
68723,76368,1,0,3,3,1,0,4,4,0,0,19,31,1227,1154
80203,76373,2,0,3,4,0,1,8,8,1,1,17,15,1378,1392
63386,76419,0,1,3,3,1,0,2,2,0,0,14,31,1144,1214
68116,76532,0,1,0,5,0,1,4,4,0,0,20,23,1185,1269
75370,76587,2,0,3,3,0,1,3,3,0,0,20,22,1274,1150
82086,76633,2,1,2,4,1,0,9,4,2,0,18,18,1353,1387
88739,76784,3,0,4,4,1,0,10,10,2,2,29,20,1264,1304
76864,77160,2,1,3,3,1,0,8,9,1,2,19,18,1297,1408
65590,77276,0,0,1,4,0,0,4,4,0,0,14,25,1214,1193
66367,77314,1,2,2,4,0,1,4,9,0,1,9,20,1282,1340
70690,77325,1,1,2,4,0,1,3,3,0,0,12,22,1331,1277
63974,77440,0,1,1,4,0,1,3,3,0,0,3,14,1367,1441
71542,77559,1,1,2,4,1,0,3,3,0,0,19,24,1174,1186
70410,77600,1,0,2,5,1,0,5,5,0,0,6,12,1341,1390
76815,78039,3,0,2,4,1,0,9,8,2,1,17,23,1233,1343
90265,78314,2,0,4,3,0,0,8,8,1,1,23,12,1523,1505
78492,78343,1,0,3,3,1,0,6,6,0,0,26,20,1367,1268
67099,78526,0,1,3,3,1,0,6,6,0,0,7,18,1274,1330
74081,78789,2,0,0,6,0,1,7,7,1,1,20,27,1191,1151
79996,78952,2,0,2,5,1,0,8,9,1,1,19,18,1370,1392
72714,78964,0,3,3,4,0,1,3,9,0,2,14,14,1331,1384
71511,79096,0,1,1,5,0,1,4,4,0,0,21,29,1240,1286
66946,79148,0,1,2,4,0,1,3,3,0,0,14,23,1221,1352
74208,79299,2,0,3,3,1,0,8,8,3,3,18,23,1248,1277
73357,79537,0,3,3,3,1,0,3,10,0,2,16,22,1356,1297
67963,79759,1,0,3,3,1,0,4,4,0,0,10,18,1278,1484
72109,79958,0,1,2,4,0,1,4,4,0,0,18,21,1215,1305
84699,80069,1,0,4,3,0,0,9,9,1,1,20,12,1433,1384
74203,80589,2,0,1,5,0,1,8,8,2,2,13,26,1286,1279
69332,80724,0,1,2,4,1,0,3,3,0,0,9,19,1343,1296
72331,80898,1,1,2,4,0,1,6,6,0,0,10,23,1315,1329
88778,80943,1,0,3,4,0,0,9,9,1,1,20,10,1555,1613
71600,81035,0,1,4,3,1,0,5,5,0,0,21,18,1183,1285
89407,81209,3,0,4,2,0,0,11,11,5,5,17,13,1515,1504
64640,81617,0,2,1,4,0,1,4,11,0,3,13,30,1166,1342
77507,81956,0,3,4,3,0,1,7,11,0,3,19,22,1313,1295
83265,81999,1,0,3,3,0,0,8,8,2,2,12,13,1545,1542
89898,82110,3,0,3,4,1,0,10,10,3,3,20,16,1552,1544
83415,82332,1,0,4,3,1,0,8,8,1,1,14,14,1567,1521
79517,82360,2,0,3,3,0,0,8,8,0,0,20,23,1378,1393
81888,82375,2,0,1,5,0,1,8,8,1,1,39,29,1145,1265
74800,82711,0,0,3,4,0,0,8,8,2,2,9,17,1397,1356
75802,83242,1,2,0,5,1,0,9,9,2,1,10,18,1324,1466
76577,83488,1,1,3,4,1,0,5,5,0,0,21,19,1302,1383
83393,83501,2,1,4,3,0,1,7,7,0,0,18,17,1426,1441
70975,83671,0,0,4,3,0,0,4,4,0,0,11,17,1390,1374
79939,83825,1,0,1,4,1,0,7,7,1,1,30,35,1156,1217
66056,84865,0,1,0,6,0,1,4,4,0,0,15,36,1139,1178
81497,84937,1,3,4,3,1,0,9,9,3,3,24,19,1260,1332
91406,84988,1,1,4,3,1,0,11,11,5,5,35,19,1478,1494
82346,85773,2,1,3,4,1,0,9,7,2,1,14,17,1413,1548
77489,85869,1,0,4,1,0,0,7,7,1,1,14,22,1307,1322
81113,85889,1,0,3,4,1,0,6,6,1,1,24,23,1343,1387
85200,86175,1,1,4,2,1,0,8,8,2,2,21,22,1508,1440
88589,86222,1,2,5,3,1,0,7,10,1,3,19,12,1591,1580
80713,86525,0,0,4,2,0,0,7,7,1,1,20,16,1418,1411
84084,86720,3,0,3,4,0,1,8,8,2,2,19,25,1332,1431
79078,87312,1,1,1,6,0,1,6,10,1,4,10,25,1456,1445
85055,87706,1,0,4,3,1,0,10,10,1,1,13,15,1601,1550
74185,88209,0,1,2,5,1,0,3,3,0,0,13,18,1354,1382
85877,88219,2,0,2,6,1,0,7,7,0,0,14,14,1512,1552
77156,89418,1,0,3,4,0,1,5,5,0,0,14,29,1405,1442
82686,91494,0,1,5,2,0,1,9,9,2,2,17,26,1333,1404
97432,91988,2,1,5,3,0,1,11,11,5,5,24,29,1645,1398
92016,93497,3,0,3,4,1,0,7,7,0,0,25,23,1452,1652
92082,93518,2,0,3,4,0,0,7,7,2,2,8,12,1735,1709
87286,93730,1,1,4,3,1,0,5,5,2,2,22,25,1395,1423
92168,95579,3,0,3,4,0,0,8,8,2,2,25,33,1424,1504
100012,100353,0,4,3,5,0,1,10,7,2,1,25,26,1706,1569
